article_id,brand_id,title,source_name,author,published_at,url,content_excerpt,tone,region_focus,created_at
3838ec769821987e7bf819c550424081,c784b8fd-1f39-4e43-b768-65d3a7fb2e86,Weekly Climate and Energy News Roundup #674,Wattsupwiththat.com,Guest Blogger,2026-01-12T10:00:00Z,https://wattsupwiththat.com/2026/01/12/weekly-climate-and-energy-news-roundup-674/,"The Week That Was: 2026-01-10 (January 10, 2026)Brought to You by SEPP (www.SEPP.org)The Science and Environmental Policy Project
Quote of the Week: I haye already placed before the Royal Society an… [+70780 chars]",,Global,2026-01-13T12:06:59.361385
13443e3ebca4ee755a0e6b27e11b3167,c784b8fd-1f39-4e43-b768-65d3a7fb2e86,Tesla faces several self-imposed deadlines in 'prove-it' year,Business Insider,bshimkus@insider.com (Ben Shimkus),2026-01-12T09:45:01Z,https://www.businessinsider.com/tesla-updates-this-year-cybercab-roadster-optimus-robotaxis-2026-1,"It's a critical year for Tesla. Elon Musk says so.
In earnings calls, podcast interviews, and a steady stream of posts on X, the outspoken CEO has spent the past year teasing a wave of new hardware … [+7447 chars]",,USA,2026-01-13T12:06:59.361457
9e916912e3677eea6e93a193aedfa86a,c784b8fd-1f39-4e43-b768-65d3a7fb2e86,Chinese electric vehicle manufacturers accelerate Africa expansion,Standard Digital,Benard Orwongo,2026-01-08T18:30:40Z,https://www.standardmedia.co.ke/business/enterprise/article/2001538100/chinese-electric-vehicle-manufacturers-accelerate-africa-expansion,"Okla Automotive staff at work. [Bernard Orwongo, Standard]
Chinese electric vehicle manufacturers are rapidly expanding across Africa as trade barriers in Western markets push them to seek new custo… [+3510 chars]",,China,2026-01-13T12:06:54.916373
9d77080823dc21001fa179dfac0c1ef2,c784b8fd-1f39-4e43-b768-65d3a7fb2e86,'Toxic' teaser X review: Yash as Raya excites fans as 'KGF' star's comeback movie to clash with Dhurandhar 2; ‘daddy’s home’ trends online,The Times of India,Trending Desk,2026-01-08T07:50:05Z,https://economictimes.indiatimes.com/news/new-updates/toxic-teaser-x-review-yash-as-raya-excites-fans-as-kgf-stars-comeback-movie-to-clash-with-dhurandhar-2-daddys-home-trends-online/articleshow/126409766.cms,'KGF star' Yash on his 40th birthday teased his fans to the much-awaited teaser of his star-studded film 'Toxic: A fairytale for grown-ups'. The makers of 'Toxic' dropped a special teaser called Toxi… [+3693 chars],,Global,2026-01-13T12:06:56.042087
5170e7e04744afc077e3c5f7a66d230d,c784b8fd-1f39-4e43-b768-65d3a7fb2e86,"Electric School Bus Fleet Management Global Market Report 2025-20209 and 2034: Integration of AI-based Systems, V2g Technology, and Advancements in Telematics and Smart Charging Infrastructure",GlobeNewswire,Research and Markets,2026-01-08T09:24:00Z,https://www.globenewswire.com/news-release/2026/01/08/3215097/28124/en/Electric-School-Bus-Fleet-Management-Global-Market-Report-2025-20209-and-2034-Integration-of-AI-based-Systems-V2g-Technology-and-Advancements-in-Telematics-and-Smart-Charging-Infra.html,"Dublin, Jan. 08, 2026 (GLOBE NEWSWIRE) -- The ""Electric School Bus Fleet Management Global Market Report 2025"" has been added to ResearchAndMarkets.com's offering.
The electric school bus fleet mana… [+4946 chars]",,USA,2026-01-13T12:06:57.149797
31febc462c47849366ec9fd0dd9c06a5,c784b8fd-1f39-4e43-b768-65d3a7fb2e86,BYD Overtakes Tesla: The New Global EV Sales Leader,The Times of India,TNN & Agencies,2026-01-06T09:14:41Z,https://timesofindia.indiatimes.com/home/infographics/byd-overtakes-tesla-the-new-global-ev-sales-leader/articleshow/126370570.cms,"Royal Mail Unveils 'Stranger Things' Stamps to Celebrate Series Finale'Cuba Ready To Fall': Trump's Big Prediction After U.S. Captures Venezuela, Colombia In CrosshairsDacre Montgomery Praises Al Pac… [+3212 chars]",,Global,2026-01-13T12:06:57.149879
1470e1baf8c68093a1a53c5c158af2fe,c784b8fd-1f39-4e43-b768-65d3a7fb2e86,BYD overtakes Tesla as the world’s largest EV manufacturer,New Atlas,Utkarsh Sood,2026-01-11T03:03:00Z,https://newatlas.com/automotive/byd-overtakes-tesla/,"The year is 2011, Tesla CEO Elon Musk was asked in a Bloomberg interview whether Chinese automaker BYD Auto posed a real competitive threat to Tesla. Musk cheekily laughed and said, ""Have you seen th… [+2869 chars]",,"USA, China",2026-01-13T12:06:58.259799